{
  "fonts/mapache.svg?6orc77": "fonts/mapache.svg",
  "fonts/mapache.ttf?6orc77": "fonts/mapache.ttf",
  "fonts/mapache.woff?6orc77": "fonts/mapache.woff",
  "images/avatar.png": "images/avatar.png",
  "images/icon.png": "images/icon.png",
  "images/not-image.png": "images/not-image.png",
  "styles/main.css": "styles/main.css",
  "scripts/main.js": "scripts/main.js",
  "styles/theme-blue-semi-dark.css": "styles/theme-blue-semi-dark.css",
  "scripts/theme-blue-semi-dark.js": "scripts/theme-blue-semi-dark.js",
  "styles/theme-blue.css": "styles/theme-blue.css",
  "scripts/theme-blue.js": "scripts/theme-blue.js",
  "styles/theme-dark-blue.css": "styles/theme-dark-blue.css",
  "scripts/theme-dark-blue.js": "scripts/theme-dark-blue.js",
  "styles/theme-dark-cyan.css": "styles/theme-dark-cyan.css",
  "scripts/theme-dark-cyan.js": "scripts/theme-dark-cyan.js",
  "styles/theme-green.css": "styles/theme-green.css",
  "scripts/theme-green.js": "scripts/theme-green.js",
  "styles/theme-grey.css": "styles/theme-grey.css",
  "scripts/theme-grey.js": "scripts/theme-grey.js",
  "styles/theme-indigo.css": "styles/theme-indigo.css",
  "scripts/theme-indigo.js": "scripts/theme-indigo.js",
  "styles/theme-purple.css": "styles/theme-purple.css",
  "scripts/theme-purple.js": "scripts/theme-purple.js",
  "styles/theme-teal.css": "styles/theme-teal.css",
  "scripts/theme-teal.js": "scripts/theme-teal.js",
  "styles/theme-white.css": "styles/theme-white.css",
  "scripts/theme-white.js": "scripts/theme-white.js"
}